model,mb,input,dtype,invoke_ms,fps,w,cpu,temp,n,idle,dyn_w,mj_per_inf
ssdlite320_mbv3_fp32.tflite,9.264548,320,fp32,20.067907754174886,30.04900991403251,5.859491653244168,62.7001744093864,54.3,902,2.1164381617907058,3.7430534914534626,124.56495246139552
ssdlite320_mbv3_int8.tflite,3.107456,320,int8,9.33877565379682,30.055849542598835,3.032530428762035,26.125092220673828,52.1,902,2.1164381617907058,0.9160922669713294,30.479666384839035
yolo11n_fp32.tflite,10.553643,320,fp32,23.785834830510378,30.053025320838294,6.51901487150917,72.84510178117048,58.2,902,2.1164381617907058,4.402576709718464,146.49362793654544
yolo11n_int8.tflite,3.022506,320,fp32,9.553242945618218,30.066706332153093,2.9399110819842913,26.034525481126625,53.8,902,2.1164381617907058,0.8234729201935855,27.38819846432498
yolov26n_fp32.tflite,9.749685,320,fp32,22.587696623114947,30.039649652863222,6.132316524204858,67.20600500417014,58.7,902,2.1164381617907058,4.015878362414152,133.68592539598342
yolov26n_int8.tflite,2.867385,320,fp32,9.509332164163864,30.060151000353624,3.030016911273969,22.912423625254586,53.2,902,2.1164381617907058,0.9135787494832632,30.391688633650446
yolo8vn_fp32.tflite,12.182902,320,fp32,24.67336570079998,30.044333945571605,6.758944601347825,75.18482802957249,60.4,902,2.1164381617907058,4.64250643955712,154.5218625238122
yolo8vn_int8.tflite,3.310725,320,fp32,8.671851913266272,30.068112236902387,2.9089723627945534,27.808052053680356,53.2,903,2.1164381617907058,0.7925342010038476,26.35796337194644
yolo10n_fp32.tflite,9.261662,320,fp32,24.358262508248544,30.052785158743767,6.671747393390314,73.78166078871433,60.4,902,2.1164381617907058,4.555309231599608,151.5769406242288
yolo10n_int8.tflite,2.704028,320,fp32,10.102197313361522,30.07298526967377,2.9826460711916263,28.671785655938574,54.9,903,2.1164381617907058,0.8662079094009205,28.803522551331902
