timestamp,elapsed_s,power_w,mode,cum_energy_wh,cpu_temp_c
2026-09-27 15:12:36,0.05,1.962,standby,1.5e-05,49.05
2026-09-27 15:12:37,1.08,1.947,active,0.000569,49.05
2026-09-27 15:12:38,2.1,1.553,active,0.001011,48.5
2026-09-27 15:12:39,3.12,1.58,active,0.00146,48.5
2026-09-27 15:12:40,4.15,1.576,active,0.001909,48.5
2026-09-27 15:12:41,5.17,1.556,active,0.002351,47.95
2026-09-27 15:12:42,6.2,1.562,active,0.002796,47.95
2026-09-27 15:12:43,7.22,1.546,active,0.003235,47.95
2026-09-27 15:12:44,8.25,1.551,active,0.003676,48.5
2026-09-27 15:12:45,9.27,1.569,active,0.004123,47.95
2026-09-27 15:12:46,10.29,1.549,active,0.004564,47.95
2026-09-27 15:12:47,11.32,1.566,active,0.00501,47.95
2026-09-27 15:12:48,12.34,1.548,active,0.00545,47.95
2026-09-27 15:12:49,13.37,1.551,active,0.005891,47.4
2026-09-27 15:12:50,14.39,1.567,active,0.006337,47.95
2026-09-27 15:12:51,15.42,1.533,active,0.006773,47.4
2026-09-27 15:12:53,16.44,1.56,active,0.007217,47.4
2026-09-27 15:12:54,17.46,1.547,active,0.007657,47.95
2026-09-27 15:12:55,18.49,3.237,active,0.008579,47.95
2026-09-27 15:12:56,19.51,1.547,active,0.009019,47.4
2026-09-27 15:12:57,20.54,1.553,active,0.00946,47.4
2026-09-27 15:12:58,21.56,1.555,active,0.009903,47.4
2026-09-27 15:12:59,22.59,1.747,active,0.0104,47.4
2026-09-27 15:13:00,23.61,1.864,active,0.01093,47.4
2026-09-27 15:13:01,24.63,1.895,active,0.011469,47.95
2026-09-27 15:13:02,25.66,1.535,active,0.011906,47.4
2026-09-27 15:13:03,26.68,1.557,active,0.012349,46.85
2026-09-27 15:13:04,27.71,2.628,active,0.013097,47.4
2026-09-27 15:13:05,28.73,1.543,active,0.013536,47.4
2026-09-27 15:13:06,29.75,1.551,active,0.013977,46.85
2026-09-27 15:13:07,30.78,1.546,active,0.014416,46.85
2026-09-27 15:13:08,31.8,1.545,active,0.014856,46.85
2026-09-27 15:13:09,32.83,1.534,active,0.015292,47.4
2026-09-27 15:13:10,33.85,1.562,active,0.015737,47.95
2026-09-27 15:13:11,34.88,1.535,active,0.016173,46.85
2026-09-27 15:13:12,35.9,1.798,active,0.016685,46.85
2026-09-27 15:13:13,36.92,1.54,active,0.017123,46.85
2026-09-27 15:13:14,37.95,1.549,active,0.017564,46.85
2026-09-27 15:13:15,38.97,1.54,active,0.018002,46.3
2026-09-27 15:13:16,40.0,1.55,active,0.018443,47.4
2026-09-27 15:13:17,41.02,1.874,active,0.018976,46.85
2026-09-27 15:13:18,42.05,1.552,active,0.019418,46.3
2026-09-27 15:13:19,43.07,1.55,active,0.019859,46.3
2026-09-27 15:13:20,44.1,1.543,active,0.020299,46.85
